id,job_title,skills,salary,location,date_of_post
1,Human Resources Manager,Phase II ESA,"€350977,26",Li’an,3/1/2021
2,VP Sales,FW,"€640792,68",Uddevalla,3/18/2021
3,Accountant IV,WFA,"€333484,19",Ararat,3/11/2021
4,Civil Engineer,LR,"€705768,89",Rappang,3/26/2021
5,Software Test Engineer I,PMO Services,"€577373,33",Acao,3/16/2021
6,Legal Assistant,FMCG,"€373525,68",Tocha,1/18/2021
7,Mechanical Systems Engineer,Efficent,"€756056,73",Devin,5/12/2021
8,Nurse,Allergic Rhinitis,"€93648,69",Iwye,1/27/2021
9,Staff Accountant III,Visual Effects,"€408867,67",Mindyak,2/10/2021
10,Data Coordiator,CNC Programming,"€655292,38",Kumalarang,5/30/2021
11,VP Quality Control,Shopper Marketing,"€158463,35",Mutengene,5/20/2021
12,Environmental Specialist,Nastran,"€223856,26",Penisihan,6/25/2021
13,Geological Engineer,Organic Chemistry,"€280046,05",Quebo,3/24/2021
14,Teacher,Award Submissions,"€580065,20",Noeltoko,2/1/2021
15,Recruiting Manager,Talent Booking,"€354305,28",Jinshan,3/19/2021
16,Biostatistician II,Portuguese,"€700271,72",Villa Ojo de Agua,2/1/2021
17,Media Manager I,DCF Valuation,"€216595,62",Marco,3/1/2021
18,Recruiter,Zachman,"€470303,65",Wailolong,6/23/2021
19,Civil Engineer,SFP,"€145792,29",Santa Ana,1/30/2021
20,General Manager,Practice CS,"€99622,63",Mgachi,5/30/2021
21,Compensation Analyst,Value Engineering,"€502772,43",Spétses,1/27/2021
22,Sales Representative,Eastern Europe,"€691593,07",Ilama,3/24/2021
23,Design Engineer,Post Production,"€776882,42",Zhanghua,3/6/2021
24,Senior Developer,Chronic Illness,"€742979,94",Jeleuk,4/4/2021
25,Editor,Deep Tissue Massage,"€369798,08",Guanmiao,6/25/2021
26,Director of Sales,DSI,"€406356,78",Murindó,1/26/2021
27,Nurse,SMTP,"€782769,65",Shabqadar,5/29/2021
28,Account Coordinator,Customer Service,"€597523,18",Waitara,5/6/2021
29,Teacher,Eagle PCB,"€576922,95",Bukavu,2/14/2021
30,Senior Financial Analyst,SAP,"€730754,43",Borkowice,6/9/2021
31,Help Desk Operator,Canon XH-A1,"€118949,95",Mouzáki,1/17/2021
32,Programmer Analyst I,DNS Server,"€278494,89",Itatuba,3/3/2021
33,Statistician III,CBEST,"€155954,63",Urbiztondo,2/18/2021
34,Database Administrator IV,LCS,"€446412,70",Kuzhu,2/14/2021
35,VP Sales,JSTOR,"€517829,61",Nice,1/27/2021
36,Professor,LME,"€678355,87",Nikulino,1/13/2021
37,Software Consultant,Tutoring,"€327973,59",Lefkímmi,3/24/2021
38,Administrative Assistant II,Gastroenterology,"€543941,87",Onueke,3/19/2021
39,Safety Technician II,Fluid Mechanics,"€491526,54",La Julia,1/27/2021
40,Accounting Assistant III,XML-RPC,"€418533,61",Charleston,6/13/2021
41,General Manager,Online Gambling,"€609906,85",Guohe,2/6/2021
42,Human Resources Assistant IV,DVD,"€694240,51",Calbuco,3/28/2021
43,Clinical Specialist,Object Oriented Modeling,"€224904,32",Tumen,4/9/2021
44,Senior Editor,GTK+,"€530079,82",Lamas,6/29/2021
45,Web Developer I,CBORD,"€312674,78",Felege Neway,1/18/2021
46,Developer IV,WSS 2.0,"€529384,75",Dallas,7/5/2021
47,Chemical Engineer,SVT,"€631250,24",George Town,1/9/2021
48,Civil Engineer,Forecasting,"€614248,36",Lens,1/10/2021
49,Registered Nurse,OnQ,"€448847,09",Vysoké Mýto,1/10/2021
50,VP Marketing,Performance Appraisal,"€691235,49",Kudang,5/3/2021
51,Structural Analysis Engineer,ODE,"€723638,16",Tenjolaya,5/24/2021
52,GIS Technical Architect,Flexo,"€528545,71",La Virginia,4/17/2021
53,Executive Secretary,ESRI,"€361743,30",Yaojiagou,5/4/2021
54,Food Chemist,IxChariot,"€652693,87",Bolondrón,2/12/2021
55,Civil Engineer,Kofax,"€318865,85",Nancy,5/6/2021
56,Junior Executive,OOS,"€480384,99",Pitumarca,3/6/2021
57,Account Representative I,Bash,"€393458,69",Um Jar Al Gharbiyya,5/1/2021
58,Sales Associate,Access,"€465503,44",El Paso,6/12/2021
59,Programmer Analyst IV,HMO,"€768098,68",Černý Most,4/12/2021
60,Director of Sales,TPNS,"€631970,96",Shiogama,3/20/2021
61,Human Resources Assistant I,Urban Forestry,"€165156,36",Kuršumlija,5/16/2021
62,Recruiter,Program Development,"€485290,86",Clondalkin,4/10/2021
63,Help Desk Technician,3D Visualization,"€157461,03",Příbor,2/8/2021
64,Account Representative III,Healing,"€609998,39",Yangchun,6/2/2021
65,Senior Developer,VNC,"€704395,30",Alcáçovas,3/28/2021
66,Information Systems Manager,CBR,"€240218,69",Huayuan,1/19/2021
67,Marketing Manager,CTA,"€774399,19",Haruai,6/28/2021
68,Senior Cost Accountant,Hazardous Materials,"€181350,22",Évry,3/30/2021
69,Account Representative IV,Critical Thinking,"€166572,67",Fukura,6/15/2021
70,Nurse Practicioner,Citrix XenDesktop,"€507709,50",HanHuang,6/14/2021
71,Marketing Manager,Biology,"€354511,98",Claremont,6/8/2021
72,Recruiting Manager,Pyrometallurgy,"€137018,53",Sainte-Anne-des-Plaines,3/9/2021
73,Marketing Assistant,Kernel Programming,"€97834,62",Pakxong,2/28/2021
74,Electrical Engineer,pgAdmin,"€388691,31",Göteborg,6/28/2021
75,Biostatistician III,Outlook,"€443001,93",Farap,6/30/2021
76,Occupational Therapist,NGL,"€470280,85",Paris La Défense,2/7/2021
77,Assistant Media Planner,Multimedia,"€221976,59",Sel’tso,6/14/2021
78,Legal Assistant,VSOE,"€724334,35",Glad,6/27/2021
79,Nurse,Vehicle Dynamics,"€384859,26",Kitakata,3/24/2021
80,Health Coach II,Ergonomics,"€310026,91",Xinlin,2/15/2021
81,Teacher,Microsoft Certified Professional,"€599323,58",Muramatsu,2/8/2021
82,Financial Advisor,Amadeus,"€252749,76",Imbang,2/12/2021
83,Product Engineer,Human Factors,"€782087,94",Juanshui,5/2/2021
84,Help Desk Operator,DGFT,"€207062,40",Ippy,3/11/2021
85,Geological Engineer,Fluid Dynamics,"€587614,49",Tegalgede Kulon,1/29/2021
86,Web Designer III,Not for Profit,"€620136,29",Celeirós,3/20/2021
87,Structural Engineer,MHE,"€763806,23",Zongjia,6/13/2021
88,Research Nurse,Criminal Investigations,"€296869,58",Tangchi,4/8/2021
89,Administrative Assistant II,Amazon VPC,"€134318,18",Jefferson City,5/27/2021
90,Software Consultant,RPAS,"€392281,89",Áno Kalentíni,5/30/2021
91,Desktop Support Technician,Legislative Affairs,"€102463,56",Malo,6/20/2021
92,Tax Accountant,MDOP,"€463558,39",São Luiz Gonzaga,2/24/2021
93,Paralegal,EU Law,"€614738,14",Jiuzhen,2/22/2021
94,Accounting Assistant II,Jive,"€115707,36",Ciherang,5/22/2021
95,Account Coordinator,Trade Shows,"€511957,85",Galatás,4/10/2021
96,Senior Quality Engineer,GPS Units,"€151471,64",Irving,5/8/2021
97,Registered Nurse,jQuery,"€574436,81",Lere,4/30/2021
98,Programmer Analyst II,NHibernate,"€748089,74",Itaúna,1/29/2021
99,Environmental Specialist,Architecture,"€489653,42",Kebonagung,3/16/2021
100,Paralegal,Star-CCM+,"€177933,13",Tamanan,4/16/2021
101,Human Resources Manager,Food,"€86845,75",Murindó,3/10/2021
102,Design Engineer,Unfair Competition,"€87845,68",Fenshui,6/14/2021
103,Accountant I,PQQs,"€271541,88",Savalou,4/2/2021
104,Senior Sales Associate,Outdoor Advertising,"€290002,05",Rukem,6/24/2021
105,Assistant Manager,Microsoft SQL Server,"€746826,83",Lewopao,1/10/2021
106,Health Coach II,Web Content Management,"€713952,95",Saint-Paul,4/23/2021
107,Nurse Practicioner,Early Intervention,"€453855,23",Orlândia,1/12/2021
108,Social Worker,SSBI,"€674404,79",Pirané,7/5/2021
109,VP Marketing,Validation,"€227390,11",Kylmäkoski,3/30/2021
110,Geological Engineer,Asset Allocation,"€686702,02",HanHuang,2/22/2021
111,Research Assistant I,Core Java,"€203159,11",Tielong,2/25/2021
112,Automation Specialist II,Software Installation,"€766830,60",Aoqian,6/25/2021
113,Data Coordiator,Www,"€238684,89",Tomilino,6/24/2021
114,Biostatistician III,Welding,"€715013,15",Sawahbaru,4/30/2021
115,Environmental Specialist,VAT,"€595999,43",Abut,2/18/2021
116,Structural Analysis Engineer,EF,"€528135,09",Daxing,5/14/2021
117,Administrative Assistant II,Corporate Governance,"€782300,92",Kumbo,4/16/2021
118,Computer Systems Analyst I,GPS Devices,"€627736,46",Victoria,4/14/2021
119,Social Worker,Planned Giving,"€367014,62",Botigues,2/15/2021
120,Staff Scientist,Kyoto Protocol,"€795474,60",Izbicko,2/28/2021
121,Quality Control Specialist,PFS,"€686194,56",Artur Nogueira,1/21/2021
122,Civil Engineer,Military Logistics,"€158169,54",Huili Chengguanzhen,5/15/2021
123,Quality Engineer,People Skills,"€779488,83",Aisai,3/27/2021
124,Recruiting Manager,BS7799,"€390116,65",Kalabahi,4/24/2021
125,Senior Cost Accountant,Internal Audit,"€547671,95",Shuishiying,3/19/2021
126,Desktop Support Technician,Shared Services,"€653613,92",Cueto,2/2/2021
127,VP Product Management,SAP MDM,"€737801,75",Tsubata,3/28/2021
128,GIS Technical Architect,Commercial Property Owners,"€582841,02",Totoras,6/7/2021
129,Geologist III,FS-CD,"€715704,31",Niedrzwica Duża,5/13/2021
130,Analyst Programmer,CV,"€98589,62",Morje,6/25/2021
131,Civil Engineer,CNN Pathfire,"€116781,04",Guomaying,5/26/2021
132,Automation Specialist I,Juggling,"€375216,93",Campos Gerais,1/19/2021
133,Occupational Therapist,VRRP,"€763484,49",Ai Tu,5/3/2021
134,Professor,LCD,"€528203,52",Nanying,5/23/2021
135,Electrical Engineer,OATS,"€209771,44",Haveli,2/18/2021
136,Community Outreach Specialist,Sales Process,"€749294,62",Cergy-Pontoise,1/21/2021
137,Database Administrator II,MD&amp;A,"€421967,58",Hengtang,3/5/2021
138,Staff Accountant IV,SQL Loader,"€360056,86",Ensanche Luperón,6/13/2021
139,Administrative Officer,Employee Relations,"€644049,73",Bagrāmī,4/15/2021
140,Recruiting Manager,ITIL,"€231798,56",Tutup,6/26/2021
141,Help Desk Technician,RDMA,"€780232,33",Vinsady,1/22/2021
142,Compensation Analyst,FBA,"€275186,83",Santo Domingo,3/6/2021
143,Developer II,Carriage of Goods by Sea,"€690226,63",Metapán,1/8/2021
144,Office Assistant IV,Subversion,"€399314,16",Akashi,5/12/2021
145,Structural Engineer,Dbx,"€579037,12",Qianwei,3/5/2021
146,Accounting Assistant III,KPI Dashboards,"€427276,39",Zhencheng,3/9/2021
147,Payment Adjustment Coordinator,PK,"€555042,84",Vitoria-Gasteiz,2/5/2021
148,Staff Accountant I,WGA,"€627384,89",Carolina,3/28/2021
149,Operator,EHS,"€600517,05",Stockholm,6/20/2021
150,Payment Adjustment Coordinator,Tutoring,"€237254,50",Xianyan,4/14/2021
151,Senior Sales Associate,Child Development,"€86131,38",Casigua El Cubo,4/3/2021
152,Research Nurse,Medical Devices,"€645575,61",Buçimas,4/25/2021
153,Administrative Assistant III,IEEE,"€453068,88",San Fernando,7/2/2021
154,Web Designer II,Film Festivals,"€185156,02",Poço Verde,4/12/2021
155,Marketing Manager,CV,"€530808,01",Pehuajó,5/25/2021
156,Cost Accountant,Art Direction,"€375642,55",Wonda,6/25/2021
157,Software Engineer I,Game Design,"€240661,18",Tygda,6/22/2021
158,Structural Engineer,Medical Writing,"€487178,21",Hadayang,6/20/2021
159,Safety Technician III,LLVM,"€160048,16",Duofudu,2/15/2021
160,Paralegal,Unix,"€684392,62",Sidon,3/5/2021
161,Financial Analyst,Tally ERP,"€791625,54",Feuknoni,3/20/2021
162,Technical Writer,Healthcare Management,"€620975,39",Philadelphia,6/3/2021
163,Engineer I,NDIS,"€434297,77",Saint-Denis,6/14/2021
164,Research Nurse,T-SQL,"€333900,80",Cerro de Pasco,1/10/2021
165,Tax Accountant,HPHT,"€444600,10",Kuaro,2/7/2021
166,Programmer Analyst III,LSF,"€641575,25",Ponta da Garça,5/1/2021
167,Staff Scientist,UIM,"€527418,23",Dinahican,5/6/2021
168,Internal Auditor,Jerseys,"€174126,36",Neresnytsya,2/6/2021
169,Account Coordinator,Reaction Kinetics,"€81323,25",Zalewo,1/24/2021
170,Statistician II,Market Research,"€536302,24",Gabaldon,2/12/2021
171,Recruiter,SAP PM Module,"€573398,86",Sumurgeneng,1/10/2021
172,Account Executive,ODM,"€184551,71",Nanguzhuang,1/28/2021
173,Programmer Analyst I,MSI,"€255254,92",Malunda,4/21/2021
174,Quality Engineer,SSH,"€405826,81",Kawasaki,1/30/2021
175,Research Nurse,Management,"€361388,66",Bhātpāra Abhaynagar,4/9/2021
176,Quality Engineer,Equity Derivatives,"€761322,09",Guinsang-an,6/27/2021
177,Senior Sales Associate,Rhino 3D,"€486102,11",Espírito Santo do Pinhal,1/21/2021
178,Marketing Manager,UK Tax,"€467623,02",Aryiropoúlion,1/24/2021
179,Senior Developer,Youth Mentoring,"€98605,02",Nor Yerznka,3/13/2021
180,Structural Engineer,Xsigo,"€711405,81",Saint-Joseph-de-Coleraine,2/25/2021
181,Information Systems Manager,Xero,"€396292,77",Farshūţ,2/25/2021
182,Community Outreach Specialist,XSS,"€755123,96",Basicao Coastal,4/10/2021
183,Computer Systems Analyst I,DVB-H,"€581597,44",Wenchang,3/9/2021
184,Environmental Specialist,ODS,"€354012,81",Waihi,2/6/2021
185,Media Manager III,IDS,"€206737,79",Jaboatão dos Guararapes,6/9/2021
186,Human Resources Manager,ASP.NET AJAX,"€421649,33",Vällingby,1/22/2021
187,Sales Representative,VSTS,"€634962,76",Cầu Giát,6/7/2021
188,Physical Therapy Assistant,RTP,"€651383,84",Itamaraju,6/22/2021
189,Dental Hygienist,Blogger,"€162745,02",Sidowayah Lor,4/9/2021
190,Statistician II,VAT,"€518790,41",Maswa,4/18/2021
191,Dental Hygienist,Home Owners,"€761013,81",Tékane,5/11/2021
192,Office Assistant IV,Hardware Architecture,"€526965,86",Wan’an,2/6/2021
193,Staff Scientist,Hair Care,"€192517,14",Julita,1/24/2021
194,Staff Accountant I,RDFa,"€769208,97",Baolong,3/27/2021
195,Software Engineer III,UV coating,"€751324,91",Xizhong,5/8/2021
196,Tax Accountant,Microbiology,"€114886,55",Ballitoville,5/27/2021
197,Senior Financial Analyst,SBRT,"€233688,62",Jiujie,1/21/2021
198,Community Outreach Specialist,Non-profit Volunteering,"€698776,73",Atouguia,6/28/2021
199,Speech Pathologist,Yeast,"€71505,71",Keda,5/29/2021
200,Tax Accountant,Scientific Writing,"€94320,39",Xinglong,7/2/2021
201,Accountant I,CTI,"€569344,63",General Viamonte,1/21/2021
202,Geologist IV,OAS Gold,"€99236,04",Obolo-Eke (1),1/11/2021
203,Nurse,Tunnels,"€112977,01",Birmingham,4/9/2021
204,VP Accounting,Capital IQ,"€718809,30",Yancheng,1/21/2021
205,Tax Accountant,UK Immigration,"€772141,86",Concepción de la Barranca,1/16/2021
206,Information Systems Manager,GMC PrintNet T,"€351514,43",Timurjaya,4/11/2021
207,Sales Associate,ASME,"€482051,57",Pingling,3/15/2021
208,Physical Therapy Assistant,CPCU,"€516417,41",Campoalegre,2/21/2021
209,VP Quality Control,Fraud Detection,"€199120,00",Horní Libina,1/28/2021
210,Budget/Accounting Analyst II,Fraud Detection,"€348504,07",Nybro,5/5/2021
211,Administrative Officer,Community Outreach,"€452480,34",Wanshi,2/26/2021
212,Information Systems Manager,Educational Technology,"€653620,59",Yangping,6/11/2021
213,Technical Writer,Aircraft Design,"€503358,37",Whitegate,7/5/2021
214,Health Coach IV,Team Management,"€643412,12",Yacuiba,1/31/2021
215,Software Consultant,Construction Drawings,"€674446,67",Huangli,5/16/2021
216,Staff Accountant III,RMF,"€672401,53",Shiroi,4/2/2021
217,Administrative Officer,Clinical Development,"€542039,91",Gornyak,6/14/2021
218,Statistician II,PWB,"€435317,67",Chengtou,6/2/2021
219,Community Outreach Specialist,Historic Preservation,"€601918,04",Palaran,3/29/2021
220,Assistant Manager,NVivo,"€688539,98",Belén,1/10/2021
221,Research Assistant III,Internal Controls,"€526366,83",Dazhou,5/2/2021
222,VP Sales,Cost Accounting,"€567573,27",São Mamede de Infesta,3/29/2021
223,Sales Associate,RCV,"€237272,84",Kalilangan,5/10/2021
224,Business Systems Development Analyst,TBMCS,"€572300,03",Maddela,3/25/2021
225,Assistant Professor,Aerospace Manufacturing,"€658737,58",Itaqui,5/3/2021
226,Operator,Sales,"€226943,83",Maru,5/13/2021
227,Computer Systems Analyst I,Ocean Freight,"€338591,05",Parigi,1/26/2021
228,Physical Therapy Assistant,Lumion,"€140476,30",Karpushikha,1/30/2021
229,Sales Associate,SIP,"€504756,42",Paltamo,1/30/2021
230,VP Accounting,TMON,"€773826,12",Becerril,5/26/2021
231,Chief Design Engineer,Business Intelligence Tools,"€398610,71",Koh Kong,3/26/2021
232,Occupational Therapist,IR,"€408826,89",Yunhe,3/21/2021
233,Recruiting Manager,z/VM,"€760672,12",Kouzhen,6/16/2021
234,Operator,BDMS,"€166676,45",Shanban,6/23/2021
235,Graphic Designer,eGain,"€182736,18",Krasna,7/5/2021
236,Senior Cost Accountant,AJAX Toolkit,"€741790,70",Johanneshov,1/21/2021
237,Physical Therapy Assistant,DMAIC,"€706916,42",Ramon Magsaysay,2/8/2021
238,Tax Accountant,RGB,"€700842,14",Kentville,3/6/2021
239,Legal Assistant,Lawson HRIS,"€516587,03",Houmen,1/12/2021
240,Developer I,Python,"€784413,78",Druju,3/26/2021
241,Sales Associate,Defect Life Cycle,"€644477,18",Pacaycasa,5/24/2021
242,Financial Advisor,High Rise,"€465757,14",Jedlová,1/6/2021
243,Technical Writer,Economic Policy,"€466920,47",Xiapu,7/4/2021
244,Human Resources Manager,Web Analytics,"€476723,86",Tanguiéta,6/29/2021
245,Analyst Programmer,cDNA,"€377450,00",Puyung,3/4/2021
246,Senior Editor,MMIS,"€351475,31",Jubung,7/3/2021
247,Recruiter,Warehouse Management,"€308110,19",Annecy,5/14/2021
248,Associate Professor,System Architecture,"€587128,60",Andongrejo,4/15/2021
249,Actuary,Equities,"€601850,48",Asaka,1/21/2021
250,Mechanical Systems Engineer,MRP,"€619933,37",Murfreesboro,3/23/2021
251,Software Consultant,Fluid Dynamics,"€300595,05",Paris 10,6/15/2021
252,Quality Control Specialist,BMC Portal,"€292268,13",Néma,3/29/2021
253,Office Assistant I,Owners Representative,"€249973,47",Sibanicú,2/3/2021
254,Environmental Specialist,Strategic Partnerships,"€641259,61",Porto Calvo,6/27/2021
255,Social Worker,Consumer Electronics,"€712450,37",Santa Cruz,2/7/2021
256,Business Systems Development Analyst,Corporate Communications,"€729059,67",Cabimas,3/13/2021
257,Operator,DFSS Green Belt,"€334739,82",Kitāf,1/12/2021
258,Operator,NMLS Licensed,"€534022,57",Saint Petersburg,4/5/2021
259,Human Resources Assistant III,Gift Cards,"€258056,01",New Pandanon,2/6/2021
260,Recruiting Manager,CSRs,"€573179,36",Pineleng,7/6/2021
261,Structural Engineer,GDI+,"€651070,83",Povorino,6/3/2021
262,Marketing Assistant,ATLS,"€698929,09",Markušica,2/8/2021
263,Health Coach III,Working With Children,"€483653,86",Dalinhe,6/17/2021
264,Assistant Manager,Zinc,"€696962,88",Bāsht,2/14/2021
265,Editor,Public Relations,"€271046,93",Basel,5/3/2021
266,Human Resources Assistant II,Post Production,"€193651,58",Barat,1/14/2021
267,Geological Engineer,DPM,"€220734,15",Tsimasham,6/12/2021
268,Occupational Therapist,Tablet PC,"€559052,05",Yaodian,5/23/2021
269,Project Manager,TK Solver,"€526137,97",Kabuynan,1/18/2021
270,Marketing Manager,Wine,"€733144,88",Tremembé,1/18/2021
271,Accountant III,Essential Oils,"€615845,56",Kelburn,5/16/2021
272,Staff Accountant I,DVCProHD,"€505626,59",Utrecht (stad),6/27/2021
273,Cost Accountant,Cleaning Validation,"€482779,68",Banjar Sambangan,2/18/2021
274,Senior Sales Associate,CDL,"€276334,24",Ferkessédougou,6/28/2021
275,Executive Secretary,Image Editing,"€236843,17",Dijon,3/19/2021
276,Sales Associate,Computer Network Operations,"€493291,73",Masebewa,2/23/2021
277,Administrative Officer,Fractional Ownership,"€609492,99",New Haven,6/6/2021
278,Budget/Accounting Analyst III,HP XP,"€694983,07",Shiqiao,4/23/2021
279,Recruiting Manager,LDAR,"€560409,14",Suba,4/23/2021
280,Sales Representative,FTP,"€767185,79",Paldit,2/6/2021
281,Information Systems Manager,Options,"€319777,96",Kafr Thulth,5/13/2021
282,Actuary,PJM,"€335561,98",Sayama,3/8/2021
283,Design Engineer,Fractional Ownership,"€571265,74",Zhongshangang,7/4/2021
284,Librarian,European Union Politics,"€741055,23",Munggang,3/19/2021
285,Business Systems Development Analyst,SSPS,"€331455,32",Novaya Mayna,3/6/2021
286,Chief Design Engineer,xUnit,"€477859,10",Gande,3/3/2021
287,Administrative Assistant III,NDF,"€257506,54",Luoyang,3/17/2021
288,Budget/Accounting Analyst IV,DV Cleared,"€299268,38",Husów,4/15/2021
289,Developer III,Radio Promotions,"€385481,95",Azteca,6/12/2021
290,Marketing Manager,ISDN,"€670834,69",Svrljig,1/26/2021
291,Payment Adjustment Coordinator,Tumblr,"€689465,40",Palermo,4/11/2021
292,Graphic Designer,DTT,"€518754,43",Xinsheng,3/2/2021
293,Legal Assistant,High Yield,"€777977,11",Warung Wetan,5/26/2021
294,Structural Analysis Engineer,Marketing Communications,"€782932,23",Arrën,2/7/2021
295,Sales Representative,WBEM,"€301263,79",Lille,1/13/2021
296,Administrative Assistant I,TLC,"€566849,27",Pursat,4/15/2021
297,VP Sales,HEC-HMS,"€140544,12",Isfana,1/21/2021
298,Quality Engineer,FCL,"€562646,23",Tianfen,3/21/2021
299,Civil Engineer,Conservation Issues,"€680569,90",Wentang,1/10/2021
300,Mechanical Systems Engineer,CSCP,"€432622,96",Pasar Kidul,2/6/2021
301,Research Associate,MQX,"€685320,52",Carandaí,3/31/2021
302,Automation Specialist IV,DVI,"€149044,32",Dorval,5/9/2021
303,VP Sales,Educational Outreach,"€686145,58",Masatepe,5/17/2021
304,Legal Assistant,Gas,"€347590,35",Velyka Bahachka,4/23/2021
305,Staff Accountant II,XSI,"€461835,82",Mogi das Cruzes,6/20/2021
306,Social Worker,Particle Effects,"€281302,86",Zall-Herr,5/25/2021
307,Clinical Specialist,CPA,"€413701,50",Yanagawa,2/15/2021
308,General Manager,Agile Application Development,"€441006,64",Novaya Lyalya,3/2/2021
309,Environmental Tech,AODA,"€669838,37",Uritsk,6/30/2021
310,Structural Analysis Engineer,Coastal Zone Management,"€671238,27",Limín Khersonísou,5/6/2021
311,Software Test Engineer II,TS,"€683007,40",Zhongshan Donglu,1/30/2021
312,Marketing Assistant,Thermal Oxidation,"€548193,24",Cerinza,4/7/2021
313,VP Product Management,Fences,"€155300,87",Daet,1/6/2021
314,Senior Cost Accountant,Oil &amp; Gas Law,"€257137,01",Yuhe,6/26/2021
315,Budget/Accounting Analyst II,HDSL,"€179619,62",Thành Phố Uông Bí,2/4/2021
316,Analyst Programmer,Cycle Time Reduction,"€314757,86",Tarbes,5/11/2021
317,Senior Editor,MSP430,"€385422,21",Messina,6/22/2021
318,Statistician II,RRSP,"€758944,04",Lamovita,1/23/2021
319,Analog Circuit Design manager,SEP IRA,"€518922,71",San Isidro,5/23/2021
320,Analyst Programmer,JPOS,"€186575,10",Bechlín,2/28/2021
321,Biostatistician III,Video over IP,"€798986,82",Querocotillo,5/2/2021
322,GIS Technical Architect,CGEIT,"€675705,40",Le Pontet,2/1/2021
323,Graphic Designer,Squid,"€309208,74",Mae Lan,2/28/2021
324,Registered Nurse,GWT,"€750429,40",Magtaking,1/31/2021
325,Legal Assistant,GNU tools,"€398464,65",Niort,4/18/2021
326,Software Consultant,Museums,"€793884,87",Chartres,1/30/2021
327,Software Consultant,Software Implementation,"€433325,78",Atipuluhan,5/21/2021
328,Social Worker,EPANET,"€74685,01",Yao’an,4/25/2021
329,General Manager,GMDSS,"€176473,06",Xinan,6/14/2021
330,Occupational Therapist,Process Automation,"€752895,78",Enjitsu,3/6/2021
331,VP Product Management,Zuora,"€167338,01",Dongtian,4/25/2021
332,Quality Control Specialist,SharePoint,"€449748,56",Cruz das Almas,3/25/2021
333,Editor,SAP ERP,"€765502,31",Yuandianhui,4/13/2021
334,Senior Cost Accountant,QHSE,"€440084,66",Bancal,2/18/2021
335,Information Systems Manager,Equity Valuation,"€541195,47",Longxian Chengguanzhen,3/31/2021
336,Structural Engineer,CVS,"€761285,36",Poshekhon’ye,6/30/2021
337,VP Sales,Japanese Culture,"€768450,08",Póvoa,3/8/2021
338,Environmental Tech,Nielsen Data,"€368607,48",Shuntian,2/19/2021
339,Director of Sales,PCI Standards,"€135540,22",Baoxing,3/20/2021
340,Staff Accountant IV,Embedded C,"€733587,80",Bin Yauri,5/4/2021
341,Web Developer III,HBSS,"€218588,36",Yangchengzhuang,2/13/2021
342,Cost Accountant,Biochemistry,"€483609,84",Xiuying,1/19/2021
343,Budget/Accounting Analyst III,IAD,"€477578,29",Fastovetskaya,3/22/2021
344,Speech Pathologist,GFI,"€222667,71",Joyabaj,6/7/2021
345,Assistant Professor,CBORD,"€683514,26",Cachipay,5/28/2021
346,Assistant Professor,NCLB,"€330417,84",Xiangxi,5/17/2021
347,Geological Engineer,IVF,"€308994,06",Laon,2/11/2021
348,Financial Advisor,Basel II,"€723344,43",Waru,6/5/2021
349,Human Resources Manager,MMI,"€774623,13",Ekasapta,4/8/2021
350,Office Assistant II,Offshore Oil &amp; Gas,"€594910,91",Whitwell,2/22/2021
351,Geological Engineer,Epi Info,"€91786,02",Winseler,4/5/2021
352,Desktop Support Technician,AACR2,"€523541,66",Chruszczobród,6/24/2021
353,Staff Scientist,SQL Server Management Studio,"€106734,14",Novo Cruzeiro,4/11/2021
354,VP Marketing,NBAP,"€581774,49",Atlanta,1/10/2021
355,Help Desk Technician,Outside Sales,"€668927,54",Linan,3/19/2021
356,VP Sales,CPP,"€470161,50",Tamansari,3/15/2021
357,Software Test Engineer III,FxCop,"€770563,51",Oenopu,4/25/2021
358,Quality Control Specialist,Science Journalism,"€494702,38",Drohiczyn,6/5/2021
359,Senior Editor,IEC 61508,"€513152,84",Bumbuna,4/20/2021
360,Developer II,Odyssey,"€607731,40",Matahuasi,1/17/2021
361,Actuary,Basic HTML,"€90755,19",Nong Khae,3/3/2021
362,Developer I,Cisco MDS SAN switches,"€435057,16",Daming,5/30/2021
363,Geological Engineer,Business Analysis,"€533718,69",Xinyang,7/4/2021
364,Environmental Specialist,TTD,"€201711,77",Morgados,2/19/2021
365,Marketing Manager,Computer Games,"€512804,70",Bouzov,6/5/2021
366,Health Coach IV,GPCRs,"€435523,56",Gorzyce,1/28/2021
367,Staff Accountant II,After Effects,"€621390,88",Kendayakan,5/20/2021
368,Sales Representative,Brand Development,"€381701,05",Gamping Lor,1/9/2021
369,Office Assistant IV,Physical Oceanography,"€770832,90",Knivsta,6/13/2021
370,Senior Quality Engineer,Architectural Design,"€211938,18",Watulimo,1/18/2021
371,Administrative Officer,Navisworks,"€767235,63",Pulo,5/15/2021
372,Financial Advisor,Aeronautics,"€505512,68",Khlong Toei,6/5/2021
373,Administrative Officer,NNMi,"€647183,27",Darwin,5/23/2021
374,Accountant IV,Visual Basic,"€184757,88",Janowice,7/2/2021
375,VP Product Management,Lua,"€658837,94",Ahmadpur Siāl,5/8/2021
376,Help Desk Technician,Crisis Communications,"€735921,06",Mursaba,6/29/2021
377,Sales Representative,NMR Spectroscopy,"€475052,87",Qingshu,2/11/2021
378,Help Desk Operator,Whitewater Kayaking,"€159309,33",Lajaluhur,1/10/2021
379,Assistant Media Planner,Logging,"€253422,21",Linxi,3/29/2021
380,Business Systems Development Analyst,Commercial Property Owners,"€657170,44",Smedjebacken,5/16/2021
381,Information Systems Manager,Rhinoplasty,"€295099,28",Onueke,6/26/2021
382,Senior Sales Associate,SG&amp;A,"€241678,40",Nancy,3/15/2021
383,Editor,Servers,"€567584,04",Béja,4/5/2021
384,Graphic Designer,cGMP manufacturing,"€198841,52",Xihu,4/9/2021
385,Senior Sales Associate,Vulnerability Management,"€441974,80",Rumelange,2/4/2021
386,Junior Executive,Aerodynamics,"€426413,67",Hamburg,6/30/2021
387,Analog Circuit Design manager,Sleep Disorders,"€531184,72",Yanjiang,3/12/2021
388,Nuclear Power Engineer,Variable Data Printing,"€696948,82",Pangkalanbunut,1/7/2021
389,Web Designer II,CMC Regulatory Affairs,"€216909,01",Huangtudian,3/15/2021
390,Quality Control Specialist,Legal Documents,"€75119,72",Agoncillo,5/21/2021
391,Senior Quality Engineer,Sports Medicine,"€463453,99",Frutillar,2/4/2021
392,Project Manager,SDLX,"€182988,09",Cergy-Pontoise,5/19/2021
393,Mechanical Systems Engineer,Fences,"€476309,11",Biliri,7/3/2021
394,Human Resources Assistant I,Sanction II,"€400331,69",Evansville,1/24/2021
395,Senior Sales Associate,CCNP,"€390094,86",Lille,4/11/2021
396,Payment Adjustment Coordinator,NBFC,"€625085,48",Datarkadu,3/29/2021
397,General Manager,LSS,"€522349,40",Pangascasan,5/7/2021
398,Senior Sales Associate,Market Research,"€560320,03",Macia,7/6/2021
399,Mechanical Systems Engineer,Disability Insurance,"€696907,92",Lakkíon,2/21/2021
400,Analyst Programmer,DNS Administration,"€243504,91",Escada,5/17/2021
401,Business Systems Development Analyst,Hlookups,"€485924,73",Buensuseso,1/6/2021
402,Programmer III,RF Circuits,"€221255,07",Devon,1/17/2021
403,Senior Financial Analyst,BD+C,"€674986,52",Geumpang,5/10/2021
404,Legal Assistant,Rugby Union,"€501792,76",Suileng,6/3/2021
405,Business Systems Development Analyst,GSM,"€739957,67",Olafulihaa,4/7/2021
406,Chief Design Engineer,Loans,"€683159,37",Cileles,1/6/2021
407,Food Chemist,European Markets,"€112652,43",San Jerónimo,6/22/2021
408,Marketing Assistant,CDMA,"€181084,82",Erie,4/2/2021
409,Help Desk Operator,Overall Wellness,"€492478,76",Donglu,3/23/2021
410,Actuary,NDMP,"€569649,66",Cibunar,1/27/2021
411,Programmer I,SAP-SD,"€194899,90",Wu’an,4/4/2021
412,Geological Engineer,XOG,"€146926,25",Magbay,1/31/2021
413,Cost Accountant,Photoshop,"€102117,53",Echeng,1/24/2021
414,Engineer II,JBPM,"€728283,10",Mieszkowice,6/25/2021
415,Engineer I,Turbomachinery,"€457254,41",Bieligutai,5/18/2021
416,Administrative Officer,MKS,"€331025,59",Pulopaya,7/2/2021
417,Data Coordiator,Bylaws,"€459133,38",Sophia Antipolis,6/9/2021
418,Web Designer IV,Computer Graphics,"€192935,53",Paitan Este,2/7/2021
419,Research Assistant II,Analytics,"€92284,41",Zhoujiang,6/21/2021
420,VP Product Management,Venipuncture,"€651830,60",Bidikotak,5/20/2021
421,Business Systems Development Analyst,DHCP,"€191522,83",Ngangpo,6/28/2021
422,Software Consultant,Urinalysis,"€632672,37",Rakvere,3/9/2021
423,Software Engineer III,DBVisualizer,"€571121,20",El Olivar,4/11/2021
424,Nuclear Power Engineer,eGain,"€508210,31",Dadu,6/15/2021
425,Research Associate,UFC,"€705375,85",Nishinomiya-hama,4/1/2021
426,Pharmacist,Trail Running,"€520377,95",Lunsar,6/9/2021
427,Compensation Analyst,LabWindows/CVI,"€759633,04",Budaka,5/14/2021
428,Recruiting Manager,MRPII,"€180491,96",Sabang,4/8/2021
429,Legal Assistant,Substance Abuse Prevention,"€198534,98",Anulid,1/21/2021
430,Office Assistant IV,Renewable Energy,"€247884,29",Svislach,3/29/2021
431,Quality Control Specialist,Estate Planning,"€605638,13",Chicago,6/21/2021
432,Senior Sales Associate,Egyptology,"€335524,40",Talanga,1/31/2021
433,VP Sales,Japanese to English,"€492057,13",Ratoath,6/29/2021
434,VP Marketing,Title Searches,"€513546,09",Rybatskoye,6/20/2021
435,Community Outreach Specialist,MMS,"€682802,57",Baleber,3/26/2021
436,Marketing Manager,Lyris ListManager,"€617292,22",Savanna-la-Mar,2/28/2021
437,Technical Writer,RNC,"€633926,13",Växjö,4/2/2021
438,Administrative Assistant III,VRML,"€745457,56",Chemerivtsi,5/14/2021
439,Librarian,FCNSA,"€116344,06",Inayauan,5/18/2021
440,Recruiting Manager,Irrigation,"€146946,47",San Pedro,3/18/2021
441,Database Administrator IV,Dublin Core,"€253236,64",Braço do Norte,5/5/2021
442,Clinical Specialist,OmniPlan,"€289178,33",Ervedosa do Douro,3/24/2021
443,Sales Associate,LWD,"€258857,82",Toyama-shi,2/24/2021
444,Electrical Engineer,ECDL Certification,"€420887,91",Kaloyanovo,1/29/2021
445,Financial Analyst,Zend Server,"€304965,51",Ban Na,7/4/2021
446,Electrical Engineer,Jewish History,"€520623,02",Budapest,7/3/2021
447,Quality Control Specialist,KDB,"€529780,42",Pulong Sampalok,5/12/2021
448,Associate Professor,RTC,"€140107,22",Kaduela,4/6/2021
449,Chief Design Engineer,Term Life Insurance,"€686236,47",Jiaogong,2/1/2021
450,Payment Adjustment Coordinator,Instructional Design,"€123542,49",Colcabamba,5/11/2021
451,Marketing Manager,ProSystem fx Tax,"€779075,72",Pogwizdów,5/20/2021
452,Desktop Support Technician,PSD,"€336039,99",Madona,3/6/2021
453,Assistant Professor,Alarm Systems,"€363194,76",Huangtukuang,3/17/2021
454,Project Manager,PSD,"€760668,67",Lindavista,6/26/2021
455,Marketing Manager,CMake,"€485153,78",Söderköping,1/30/2021
456,Chemical Engineer,Interior Design,"€708286,57",Micheng,5/22/2021
457,Product Engineer,PDS,"€437327,98",Outapi,2/19/2021
458,Business Systems Development Analyst,KnockoutJS,"€397034,89",Telukpakedai,5/25/2021
459,VP Sales,SRDS,"€485192,34",Ush-Tyube,7/1/2021
460,Recruiter,Crisis Intervention,"€650092,26",San Bernardino,3/1/2021
461,Internal Auditor,RS485,"€670739,08",Imider,7/2/2021
462,Health Coach III,dtSearch,"€602264,59",Brondong,6/1/2021
463,Research Assistant I,QLab,"€287922,94",São Félix do Xingu,2/26/2021
464,Design Engineer,Change Control,"€684879,19",Wangcun,1/22/2021
465,Payment Adjustment Coordinator,Keyword Research,"€75857,19",Kharlu,4/29/2021
466,Budget/Accounting Analyst I,Account Management,"€715668,35",Blumbang,5/14/2021
467,Occupational Therapist,Oil Changes,"€619613,36",Balboa,3/29/2021
468,Financial Analyst,TMX,"€234890,40",Arganil,5/26/2021
469,Paralegal,PY,"€750504,38",Rancasadang,2/20/2021
470,Biostatistician III,Requirements Analysis,"€476684,86",Angered,2/27/2021
471,Software Consultant,RTLS,"€437443,43",Rettikhovka,3/15/2021
472,Account Representative I,International Shipping,"€173318,46",Al ‘Āqir,2/9/2021
473,Cost Accountant,Retail Sales,"€712391,48",Jianghai,3/16/2021
474,Research Assistant I,Animal Work,"€615996,05",Youssoufia,3/4/2021
475,VP Product Management,QLab,"€164897,87",Suwaru,5/15/2021
476,Marketing Assistant,Classical,"€446732,29",Lengshuitan,2/9/2021
477,Pharmacist,RFI,"€81013,76",Soledade,6/22/2021
478,Help Desk Operator,FX Derivatives,"€713069,16",Zuitou,1/9/2021
479,Pharmacist,Earth Science,"€537325,02",Pekuncen,2/19/2021
480,Senior Sales Associate,Mineral Exploration,"€219149,37",Shadrinsk,6/17/2021
481,Environmental Specialist,Clinical Research,"€212746,84",Ordzhonikidzevskaya,6/5/2021
482,Financial Analyst,PTF,"€251279,28",Astypálaia,6/14/2021
483,Senior Sales Associate,LSL,"€113817,10",Gayabaru,3/7/2021
484,Quality Control Specialist,DVD Studio Pro,"€206496,25",Lugo,2/21/2021
485,Chief Design Engineer,Metal Fabrication,"€548238,60",Sutton,6/27/2021
486,Research Associate,XSD,"€146602,94",Bousso,1/31/2021
487,Database Administrator III,Zuora,"€521269,82",Aqtaū,5/20/2021
488,Analyst Programmer,MBAL,"€692039,67",Si Narong,4/10/2021
489,Social Worker,Unit Testing,"€514985,97",Bata Tengah,1/6/2021
490,Dental Hygienist,OSHA,"€286639,72",Skýros,3/18/2021
491,Assistant Professor,Team Effectiveness,"€117494,27",Ebaye,5/28/2021
492,Senior Sales Associate,Trading Systems,"€451650,19",Gorzyce,4/18/2021
493,Geological Engineer,Object Oriented Perl,"€522464,33",Kopen,3/25/2021
494,Desktop Support Technician,Healthy Eating,"€767262,23",Sao Hai,4/8/2021
495,Sales Associate,WSUS,"€693066,28",Al Jīzah,6/30/2021
496,Financial Analyst,JDE Enterprise One,"€83166,75",Cikuya,2/12/2021
497,Administrative Assistant I,Mixed-Signal IC Design,"€563654,20",Orita Eruwa,2/21/2021
498,Clinical Specialist,SPSS,"€524678,24",Mashan,3/2/2021
499,Recruiting Manager,SSI,"€741795,86",Granja,4/27/2021
500,Account Executive,VSX,"€638884,53",Qingjiang,5/7/2021
501,Geological Engineer,FM Radio,"€760378,22",Jianqiao,6/1/2021
502,Graphic Designer,MQX,"€707875,64",Seulimeum,7/3/2021
503,Geological Engineer,MSN AdCenter,"€722349,59",Hodkovice nad Mohelkou,1/31/2021
504,Structural Analysis Engineer,Snort,"€578307,14",Libei,5/3/2021
505,Assistant Media Planner,Culture Change,"€127223,41",Capitán Bermúdez,2/15/2021
506,Pharmacist,Human Factors,"€713995,63",Uritsk,6/10/2021
507,Software Consultant,RFID+,"€709285,47",Soa,2/1/2021
508,Programmer IV,FTTH,"€550566,65",Migues,6/6/2021
509,Environmental Specialist,Facilitation,"€143714,57",Mingyue,6/21/2021
510,VP Quality Control,Location Intelligence,"€588045,99",Zamość,4/2/2021
511,Sales Associate,TPP,"€119526,27",Banzão,3/22/2021
512,Technical Writer,Cash Handling,"€684289,42",Shiquan,2/14/2021
513,Assistant Professor,DSL,"€136427,42",Krouna,1/11/2021
514,Physical Therapy Assistant,DVD,"€274979,58",San Carlos,1/12/2021
515,Nurse,DBI,"€246825,85",Anahuac,3/25/2021
516,Senior Quality Engineer,Estate Planning,"€157643,11",Moita,3/3/2021
517,Compensation Analyst,XCOM,"€563931,60",Magdalena,7/1/2021
518,Product Engineer,Move Up Buyers,"€236338,32",Roskoshnyy,1/26/2021
519,Software Engineer IV,IFM,"€607410,06",Stockholm,5/20/2021
520,Software Test Engineer I,MCSD,"€265111,28",Kýria,2/9/2021
521,Web Designer II,Executive Search,"€235649,94",Hrádek,2/23/2021
522,Environmental Tech,DBMS,"€78200,39",Salisbury,1/19/2021
523,Editor,MySQL,"€92258,85",Chaiyaphum,4/20/2021
524,Chemical Engineer,CRM,"€587710,68",Espumoso,4/6/2021
525,VP Accounting,WPC,"€745578,70",La Paz Centro,4/1/2021
526,Speech Pathologist,DMU,"€488412,20",Baixo Guandu,5/22/2021
527,Help Desk Technician,DVB-S2,"€568839,82",Madara,1/23/2021
528,Design Engineer,Euphonium,"€784250,71",Kragujevac,3/13/2021
529,Sales Representative,FTO,"€323918,93",Farroupilha,3/1/2021
530,Developer I,IR Spectroscopy,"€352538,19",Gunungkencana,4/29/2021
531,Assistant Media Planner,IBS,"€324423,06",Boafeo,4/19/2021
532,Nurse Practicioner,Knowledge Transfer,"€633547,35",Goulmima,5/8/2021
533,GIS Technical Architect,Overseas Sourcing,"€120879,65",Karangpawitan,4/29/2021
534,Paralegal,UCC filings,"€747323,16",Villa Castelli,1/16/2021
535,Research Associate,Analytical Skills,"€489670,01",Lazaro Cardenas,5/16/2021
536,Programmer Analyst I,Water Resources,"€630683,22",Huangmei,1/8/2021
537,Health Coach III,Amazon EBS,"€547585,78",Tuchkovo,4/2/2021
538,Assistant Manager,IEC 62304,"€98056,44",São Joaquim,1/14/2021
539,Administrative Officer,IBM Utilities,"€674603,49",Fort Macleod,5/11/2021
540,Geological Engineer,ZBrush,"€725538,07",Los Aquijes,6/28/2021
541,Design Engineer,FMOD,"€291340,30",Oekero,1/30/2021
542,Administrative Officer,Clinical Nutrition,"€792949,40",Dubki,3/19/2021
543,Administrative Officer,CCIE R&amp;S,"€588357,49",Kaberamaido,5/12/2021
544,VP Product Management,Customer Satisfaction,"€743168,75",Ban Mai,6/22/2021
545,Database Administrator III,BDMS,"€747423,93",Anh Son,5/3/2021
546,Media Manager IV,Export,"€585126,54",Portela,1/31/2021
547,Registered Nurse,PPBES,"€175982,69",Kunashak,3/7/2021
548,Web Developer IV,IT Recruitment,"€540330,20",Stockholm,5/30/2021
549,Senior Quality Engineer,Recruitment Advertising,"€157319,45",Ludza,5/19/2021
550,Civil Engineer,Aerohive,"€167012,72",Gusev,1/19/2021
551,Professor,Data Analysis,"€720679,73",Alcoutim,2/22/2021
552,Executive Secretary,CSCS Card,"€544062,33",Torre,1/19/2021
553,Environmental Specialist,HSP,"€259930,46",Longtang,1/24/2021
554,Assistant Manager,Portraits,"€727440,70",Pedro Leopoldo,1/30/2021
555,Structural Analysis Engineer,Power Plants,"€763912,09",Ala,1/11/2021
556,Electrical Engineer,Sweaters,"€441281,84",Springfield,6/18/2021
557,Recruiting Manager,DxDesigner,"€164921,39",Morez,2/21/2021
558,Accounting Assistant I,Pyrosequencing,"€675943,07",Lingkou,3/27/2021
559,Associate Professor,Quality Management,"€442781,22",San Vicente,1/30/2021
560,Account Representative II,JRockit,"€722013,09",Silute,1/23/2021
561,Safety Technician II,Yoga,"€749583,81",Ängelholm,6/4/2021
562,Research Nurse,DLP,"€140757,82",Hongos,3/6/2021
563,Structural Analysis Engineer,TMJ Dysfunction,"€241346,14",Webuye,2/11/2021
564,Electrical Engineer,DX200,"€425973,09",Atakpamé,6/19/2021
565,Design Engineer,LNG,"€552458,80",Tōbetsu,3/21/2021
566,Information Systems Manager,Mobile TV,"€763648,38",Hŭkkyo-ri,6/19/2021
567,VP Accounting,Capital Equipment,"€585690,36",Lobitos,1/15/2021
568,Engineer IV,International Logistics,"€245372,93",Czerniejewo,2/9/2021
569,Research Associate,Electricians,"€362463,42",Chư Sê,6/11/2021
570,Help Desk Technician,NT 4.0,"€196748,75",Łobodno,4/15/2021
571,Statistician IV,LDP,"€569865,50",San Miguel,3/14/2021
572,Marketing Assistant,EIP,"€359029,29",Georgiyevka,5/12/2021
573,Information Systems Manager,Apollo GDS,"€486142,02",Dongjin,3/30/2021
574,Human Resources Manager,Guitar Playing,"€795762,36",Nanterre,2/13/2021
575,Health Coach I,Volunteer Training,"€353119,09",Thessaloníki,3/8/2021
576,Director of Sales,Yard Management,"€164148,54",Paty do Alferes,6/4/2021
577,GIS Technical Architect,Nonprofits,"€197738,60",Progreso,6/21/2021
578,Web Developer III,LGBT Rights,"€503458,66",Cabudare,3/5/2021
579,Community Outreach Specialist,Thin Films,"€188793,05",Gwaram,1/23/2021
580,VP Accounting,DQL,"€181691,93",Markala,4/8/2021
581,Web Developer IV,Journals,"€490642,82",Gaillac,4/17/2021
582,Senior Financial Analyst,Fundraising,"€353232,01",Tamontaka,5/8/2021
583,Environmental Specialist,Slackware,"€373536,31",Dębno,4/5/2021
584,Staff Scientist,Vendor Relations,"€235423,93",Harrisburg,5/15/2021
585,Systems Administrator I,GPG,"€737632,17",San Juan de Manapiare,4/5/2021
586,Engineer IV,Dance,"€230293,56",Santo Amador,6/1/2021
587,Senior Financial Analyst,osCommerce,"€218629,16",Fahraj,2/5/2021
588,Research Associate,Clinical Supervision,"€469791,05",Igaraçu do Tietê,2/13/2021
589,Account Representative I,NIMS,"€252520,01",Shahkot,5/31/2021
590,Business Systems Development Analyst,NWDI,"€776335,80",Iquipi,5/6/2021
591,Sales Associate,SAP SD,"€633907,39",Houston,1/31/2021
592,Speech Pathologist,Facilitation,"€723133,13",Farroupilha,5/14/2021
593,VP Quality Control,Oleochemicals,"€385184,60",Bétérou,5/26/2021
594,Research Assistant III,Blueprint Reading,"€73579,10",Jianxin,7/3/2021
595,Graphic Designer,ISM,"€542804,15",Toupi,3/19/2021
596,Community Outreach Specialist,IOT,"€689855,33",Jiaoqiao,4/4/2021
597,Accountant I,RC Detailing,"€231886,08",Damayan,6/24/2021
598,Statistician II,Menu Development,"€326263,20",Vratsa,6/8/2021
599,Physical Therapy Assistant,PTMS,"€466017,28",Sidem,5/29/2021
600,Staff Accountant III,Waterfall,"€650705,89",San Agustín,2/26/2021
601,GIS Technical Architect,IIS,"€702144,15",Kayanza,2/25/2021
602,Software Test Engineer III,Following Up,"€469152,29",Xiejia,6/24/2021
603,Analyst Programmer,Social Services,"€589540,12",Terentang,6/28/2021
604,Sales Associate,NBS Specification,"€471629,16",Leshukonskoye,3/6/2021
605,VP Accounting,Architectural Illustration,"€255185,96",Tulsa,2/22/2021
606,Office Assistant III,Jewelry,"€235739,62",Malaryta,5/30/2021
607,Desktop Support Technician,GT Strudl,"€675844,56",Borzna,4/21/2021
608,VP Sales,Testing,"€383500,06",Salvacion,7/6/2021
609,Dental Hygienist,Youth Marketing,"€607041,65",Själevad,6/17/2021
610,Compensation Analyst,CVA,"€322089,80",Kabir,6/16/2021
611,Senior Quality Engineer,IBM iSeries,"€643906,46",Chulabhorn,5/9/2021
612,Database Administrator I,QAD,"€458751,83",Sujiazhuang,1/8/2021
613,Automation Specialist III,Counseling Psychology,"€89391,84",Quimper,3/25/2021
614,Account Executive,BDC programming,"€477755,09",Rogongon,3/9/2021
615,Financial Advisor,Olfaction,"€655919,98",Zoumaling,1/6/2021
616,Tax Accountant,Market Knowledge,"€603265,85",Toritama,6/5/2021
617,Automation Specialist I,OAS,"€556766,94",Stoszowice,2/4/2021
618,Payment Adjustment Coordinator,Luxury Travel,"€609064,96",Novopokrovka,5/29/2021
619,Programmer I,Due Diligence,"€307188,54",Bijie,6/26/2021
620,Account Coordinator,Digital Media,"€440420,44",Gampengrejo,3/31/2021
621,Media Manager I,CM Synergy,"€611570,07",Baltimore,4/26/2021
622,Health Coach I,HFM,"€375189,13",Mezhevoy,5/28/2021
623,Automation Specialist I,Reality TV,"€135326,90",Osiek nad Notecią,2/2/2021
624,Computer Systems Analyst I,Virtual PC,"€616790,47",Pingshi,2/15/2021
625,Librarian,Ozone Therapy,"€397207,21",Kakogawachō-honmachi,4/9/2021
626,Account Executive,PTH,"€797244,45",Jiguan,1/30/2021
627,Help Desk Operator,Close Protection,"€315287,57",Ruma,7/4/2021
628,Actuary,MRI Plus,"€296788,41",Jawor,4/13/2021
629,Media Manager IV,Legal Advice,"€587863,00",Sumusţā as Sulţānī,1/13/2021
630,Librarian,QPSK,"€384784,80",Insrom,4/21/2021
631,Accountant I,OS/390,"€504027,83",Baishuitan,2/5/2021
632,Recruiting Manager,MS Integration Services,"€99369,97",Jindong,5/16/2021
633,Structural Engineer,KYC,"€768135,25",Francisco Villa,5/17/2021
634,Financial Analyst,Pallet Jack,"€640494,65",Lučko,5/9/2021
635,Database Administrator III,WTL,"€660975,55",Akron,3/22/2021
636,Software Test Engineer I,Waste,"€391511,71",Ilići,5/25/2021
637,Research Associate,Health Insurance,"€785655,67",Sangtian,4/10/2021
638,Librarian,Mortgage Lending,"€190901,73",Baleal,3/14/2021
639,Design Engineer,AHWD,"€164506,53",Gulai,1/20/2021
640,Chemical Engineer,NDA,"€172479,03",Wuhu,2/15/2021
641,Information Systems Manager,Play by Play,"€609784,49",Pakuncen,1/18/2021
642,Food Chemist,RTU,"€271893,43",Ţahţā,1/20/2021
643,Product Engineer,Dell KACE,"€353718,50",Guiyang,3/15/2021
644,Statistician II,OCaml,"€200917,92",Sengkerang Tiga,6/14/2021
645,Help Desk Operator,NGOs,"€721732,83",Loughrea,4/30/2021
646,Structural Engineer,Rheumatoid Arthritis,"€285664,60",Mierzęcice,4/13/2021
647,Account Coordinator,OS/390,"€470850,46",Kapuan,1/21/2021
648,Librarian,SQLite,"€104972,29",Caledon,3/5/2021
649,Operator,JBPM,"€151043,60",Olympia,2/5/2021
650,Nurse Practicioner,Strategic Thinking,"€764258,10",Skuodas,4/14/2021
651,Engineer II,RFP,"€690070,49",Cipari,1/26/2021
652,Executive Secretary,LWD,"€321693,46",Yaozhanzi,6/14/2021
653,Mechanical Systems Engineer,Juvederm,"€588832,94",Malino,6/15/2021
654,Senior Financial Analyst,EMS,"€575270,60",Janikowo,4/29/2021
655,Assistant Media Planner,Class III Medical Devices,"€226601,52",Stockholm,6/25/2021
656,Health Coach III,UCC filings,"€358151,56",Eqbālīyeh,5/8/2021
657,Web Designer II,MC2,"€223664,62",Beidao,2/13/2021
658,Senior Sales Associate,FCNSA,"€342861,45",Uglyanets,1/14/2021
659,Accounting Assistant II,vCenter Server,"€706987,78",Huaxijie,7/6/2021
660,Speech Pathologist,Board of Directors,"€473518,18",Pueblo Nuevo,6/18/2021
661,Web Designer II,Life Cycle Assessment,"€656260,61",Côte-Saint-Luc,5/11/2021
662,Administrative Assistant IV,Agilent ADS,"€221328,77",Kesabpur,3/7/2021
663,VP Accounting,IPTV,"€184373,54",Sanbao,2/8/2021
664,Civil Engineer,Yield Management,"€684961,39",La Ensenada,2/4/2021
665,Senior Editor,Oil Painting,"€165932,90",Sulahan,1/11/2021
666,Project Manager,Pipefitting,"€698618,54",Castro Barros,1/8/2021
667,Account Coordinator,CFDesign,"€692739,71",Laylay,6/19/2021
668,Staff Accountant III,IOS-XR,"€306875,15",Gaxung,5/20/2021
669,Account Executive,LPIC,"€164387,06",Xinpo,1/7/2021
670,Accountant III,Wireless Networking,"€306250,05",Darband,5/23/2021
671,Financial Advisor,MSDS,"€281946,47",Bohdalov,5/7/2021
672,Accounting Assistant IV,SSH,"€85807,02",Taoudenni,5/31/2021
673,Geological Engineer,Omniture,"€712386,73",Xuexi,2/13/2021
674,Environmental Specialist,Law Enforcement,"€554727,55",Garupá,3/14/2021
675,Human Resources Assistant IV,Workplace Violence,"€705278,01",Sam Ngam,4/9/2021
676,Paralegal,NRP Instruction,"€742739,73",Krajan,4/6/2021
677,Senior Sales Associate,Participant Observation,"€773458,00",Zhanxu,3/14/2021
678,VP Sales,FSMS,"€623784,82",Xiaxindian,4/9/2021
679,Assistant Professor,Dry Eye,"€153513,72",Kastélli,7/5/2021
680,VP Product Management,Red Hat Linux,"€103510,37",Karabas,1/12/2021
681,VP Quality Control,Cd,"€111863,66",Kimito,3/3/2021
682,Quality Engineer,FTTH,"€515105,08",Khondāb,5/27/2021
683,Graphic Designer,TWS,"€689404,55",Kyenjojo,3/29/2021
684,Senior Sales Associate,Aquatic Ecology,"€315171,74",Yangdian,4/28/2021
685,Tax Accountant,Botany,"€449427,50",Qalyūb,5/21/2021
686,Automation Specialist IV,UART,"€142810,68",Meiktila,4/19/2021
687,Quality Engineer,Sustainable Design,"€548263,59",Jalālābād,2/11/2021
688,Software Consultant,HCP,"€574566,22",Glinojeck,3/10/2021
689,Graphic Designer,Continuous Improvement,"€273020,59",Zhuhe,7/3/2021
690,Editor,AVEVA PDMS,"€609094,58",Daixi,3/22/2021
691,Software Consultant,Business Transformation,"€450654,33",Rybnik,4/27/2021
692,Software Test Engineer I,VSA,"€323042,62",Villa Ocampo,4/8/2021
693,Software Engineer IV,Surveying,"€402345,88",Hluboká nad Vltavou,4/29/2021
694,Senior Quality Engineer,Single Family Homes,"€285019,95",Dado,6/8/2021
695,Assistant Manager,VMware Server,"€71196,27",Carepa,2/20/2021
696,Research Associate,Aviation,"€429065,38",Situ,4/11/2021
697,Marketing Assistant,MCEV,"€533589,42",Fubei,4/25/2021
698,Senior Developer,JBoss ESB,"€468070,63",Bakovci,6/28/2021
699,Recruiter,RDF,"€223960,30",Quintãs,2/23/2021
700,Assistant Manager,SMTP,"€604177,25",Pitangueiras,2/15/2021
701,Clinical Specialist,XPath,"€568145,07",Chajarí,6/11/2021
702,Chemical Engineer,Web Applications,"€113841,01",Shirgjan,2/11/2021
703,VP Sales,CTQ,"€305290,12",Kaolinovo,7/4/2021
704,Quality Control Specialist,Oracle OLAP,"€120522,53",Haixing,3/31/2021
705,Marketing Assistant,Komodo Edit,"€593875,96",Ādaži,5/30/2021
706,Web Developer II,CFD,"€619079,99",Bambakashat,5/26/2021
707,Executive Secretary,Health Economics,"€532932,61",San Sebastian,4/19/2021
708,Quality Engineer,Subversion,"€286106,82",Prosvet,5/26/2021
709,Statistician I,Veterinary Medicine,"€582936,56",Seboruco,4/16/2021
710,Marketing Assistant,Hotel Management,"€374014,23",Kallífytos,3/11/2021
711,Nurse Practicioner,DDIC,"€475365,10",Nan,3/1/2021
712,Account Coordinator,PTCRB,"€175764,05",Zhongshu,6/30/2021
713,Teacher,SSI,"€747716,23",Aserrío de Gariché,1/7/2021
714,Junior Executive,Joomla,"€310673,60",Budapest,6/4/2021
715,Health Coach I,FFP,"€776061,07",Gobernador Gálvez,2/16/2021
716,Food Chemist,Hodes IQ,"€251428,07",Rodas,5/20/2021
717,Web Developer III,RFQ Development,"€129459,00",Buenavista,5/18/2021
718,Structural Engineer,Interior Design,"€626098,77",Popayán,2/6/2021
719,Mechanical Systems Engineer,Chronic Illness,"€381792,02",Wadung,5/2/2021
720,Electrical Engineer,SDL Tridion,"€229332,87",Aihua,2/22/2021
721,Quality Engineer,gSOAP,"€294551,61",Le Mans,3/17/2021
722,GIS Technical Architect,ePolicy Orchestrator,"€437575,62",Wangyi Zhendian,5/2/2021
723,Account Executive,CQ5,"€230803,24",Angasmarca,1/16/2021
724,Assistant Professor,HNW,"€139797,77",Pinghu,2/12/2021
725,Recruiter,Okuma,"€769875,20",Jovellanos,1/11/2021
726,Environmental Tech,Bookkeeping,"€413972,55",Sujiatun,5/9/2021
727,Staff Scientist,OLA,"€426010,52",Jiang’an,3/10/2021
728,Software Engineer I,Elder Care,"€125018,03",Dongfeng,1/17/2021
729,Human Resources Assistant IV,OTN,"€325353,60",Zuocun,2/25/2021
730,Administrative Assistant IV,Visio,"€559481,59",Helin,6/16/2021
731,VP Quality Control,Torts,"€101899,74",Caramanta,3/21/2021
732,Assistant Manager,Animal Husbandry,"€160084,54",Monguno,6/25/2021
733,Systems Administrator III,Shrinkage,"€89938,65",Nkandla,1/10/2021
734,VP Quality Control,Oxides,"€396526,56",Sendang,5/18/2021
735,Cost Accountant,FQL,"€368243,09",Williamsfield,3/8/2021
736,Staff Accountant III,RCDD,"€224106,44",Örebro,3/4/2021
737,Chief Design Engineer,PK/PD,"€432821,98",Futaleufú,4/15/2021
738,Research Nurse,VDI,"€160361,71",Pakisaji,5/12/2021
739,Teacher,HPLC,"€622210,29",Inawashiro,5/30/2021
740,Graphic Designer,Cinema 4D,"€409045,82",Anping,7/5/2021
741,Quality Engineer,MKS,"€194149,49",Al Qābil,2/16/2021
742,Payment Adjustment Coordinator,EES,"€346657,87",Bo Kluea,6/13/2021
743,Office Assistant IV,Canon XL2,"€646671,04",Uruguaiana,5/12/2021
744,Actuary,Music,"€299842,06",Atuntaqui,3/2/2021
745,GIS Technical Architect,PWA,"€587982,48",Santa Teresita,2/19/2021
746,Analyst Programmer,Driven By Results,"€157394,23",Strängnäs,4/27/2021
747,Systems Administrator II,Piloting,"€646120,46",Dazi,6/24/2021
748,Physical Therapy Assistant,CBEST,"€160539,61",Kandangsapi,2/18/2021
749,Web Designer IV,Cinema 4D,"€611668,91",Dongcheng,6/18/2021
750,Sales Representative,gPROMS,"€548639,30",Zhishan,2/21/2021
751,Computer Systems Analyst III,CD Mastering,"€81260,67",Al Khafjī,6/4/2021
752,Quality Control Specialist,Aquatics,"€92971,24",Jiawu,5/15/2021
753,Compensation Analyst,Vyatta,"€231752,76",Lianfa,6/16/2021
754,Biostatistician I,MLB,"€677543,75",Mingyu,5/12/2021
755,Compensation Analyst,TTCN-3,"€574450,98",Dhahi,1/8/2021
756,Project Manager,GIS Application,"€367203,27",Góis,6/28/2021
757,Executive Secretary,NSE,"€180661,15",Evansville,4/23/2021
758,Executive Secretary,Overseas Experience,"€723476,98",Kambing,2/20/2021
759,Programmer Analyst I,VTC,"€290394,86",Duki,1/18/2021
760,Assistant Manager,RFP,"€95140,58",Malapaubhara,3/27/2021
761,Sales Representative,Payment by Results,"€679848,26",Rudong,4/13/2021
762,Geological Engineer,GMF,"€516845,37",Tiemen,6/7/2021
763,Structural Analysis Engineer,NTSC,"€121994,31",Žeravice,6/8/2021
764,Quality Engineer,UEFI,"€438205,83",Bebandem,5/12/2021
765,Analyst Programmer,Algebra,"€208829,22",Yunluo,4/10/2021
766,Dental Hygienist,Molecular Dynamics,"€572551,50",Manjacaze,2/16/2021
767,Business Systems Development Analyst,MPE,"€689945,87",Bodø,2/5/2021
768,Financial Analyst,Keratin Treatment,"€235356,25",Thaba Nchu,4/26/2021
769,Programmer III,NCPDP,"€478698,66",Veliki Preslav,6/17/2021
770,Senior Developer,Onboarding,"€283661,07",Paracambi,7/3/2021
771,Programmer IV,Community Development,"€511614,80",Saqqez,6/11/2021
772,Pharmacist,Knowledge Transfer,"€428323,29",Yuanping,2/10/2021
773,Research Nurse,Nutrition,"€528768,05",Talisay,7/6/2021
774,Teacher,Aeronautics,"€172876,09",Ponta Grossa,6/5/2021
775,Analog Circuit Design manager,RHEV,"€195306,53",Baton Rouge,5/7/2021
776,Graphic Designer,Kickboxing,"€665327,11",Pimbalayan,3/5/2021
777,VP Marketing,LCM,"€132686,36",Safotulafai,2/18/2021
778,Systems Administrator III,BJJ,"€724755,74",Tamuning-Tumon-Harmon Village,5/27/2021
779,Dental Hygienist,Private Duty,"€293989,94",Manado,2/9/2021
780,Analyst Programmer,Laboratory Skills,"€596619,63",Qingshui,2/17/2021
781,Senior Financial Analyst,UML,"€83839,56",Osypenko,5/6/2021
782,Office Assistant IV,Know-how,"€769586,90",Cujillo,5/26/2021
783,Compensation Analyst,NG-SDH,"€148029,33",Pabuaran,3/29/2021
784,Community Outreach Specialist,Pharmacy Benefit Management,"€360517,98",Kandava,5/4/2021
785,Geologist III,iPad Development,"€354430,36",Dishnā,6/10/2021
786,Budget/Accounting Analyst IV,New Hire Orientations,"€357490,36",Nový Malín,5/7/2021
787,Database Administrator II,Pneumatic Tools,"€387268,34",Seattle,7/1/2021
788,VP Marketing,GPS Tracking,"€701475,02",Jiaoqiao,3/14/2021
789,Pharmacist,NGL,"€575037,70",Hekou,2/27/2021
790,GIS Technical Architect,TPX,"€446843,45",Kosong,3/28/2021
791,Staff Scientist,Qt Creator,"€259309,34",Cambarus,6/15/2021
792,Sales Associate,Psychotherapy,"€219222,57",Outlook,3/16/2021
793,Administrative Officer,Tax Returns,"€262511,66",Sabon Gari-Nangere,4/30/2021
794,Senior Editor,Ironport,"€411155,51",Labinot-Mal,6/14/2021
795,Dental Hygienist,TBMCS,"€462777,60",Peso da Régua,6/28/2021
796,Librarian,AHDL,"€121186,69",São Francisco,4/22/2021
797,Project Manager,Tortoise CVS,"€391148,66",Kunashak,6/29/2021
798,Internal Auditor,VSD,"€118510,77",Pont-Rouge,5/13/2021
799,Engineer III,Vectorworks,"€389519,88",Amarillo,1/23/2021
800,Speech Pathologist,ISM,"€688124,23",Galveias,1/7/2021
801,Automation Specialist I,Metal Fabrication,"€407023,85",Belalcazar,2/25/2021
802,Librarian,Video,"€501798,37",Levallois-Perret,3/1/2021
803,Computer Systems Analyst I,Network Administration,"€730617,11",La Estrella,5/9/2021
804,Systems Administrator II,DMU,"€611643,15",Qingzhou,6/2/2021
805,Actuary,Process Improvement,"€511104,98",Guanay,3/1/2021
806,Office Assistant III,NDS,"€198077,30",Philadelphia,1/28/2021
807,Engineer IV,New Hire Training,"€245285,21",Broto,6/29/2021
808,Social Worker,Pricing,"€562956,43",Zuocun,4/13/2021
809,Account Executive,Berkeley DB,"€374816,10",Sidenreng,5/28/2021
810,Human Resources Assistant I,DNA Sequencing,"€771488,17",Perpignan,5/8/2021
811,Administrative Assistant III,DMRB,"€254089,74",Ndjolé,4/30/2021
812,Occupational Therapist,SQL Server Management Studio,"€784377,99",Las Terrenas,2/22/2021
813,Executive Secretary,Power Plants,"€399688,98",Bayonne,6/17/2021
814,Senior Cost Accountant,JRuby,"€296971,47",Capira,4/16/2021
815,Systems Administrator I,SSL,"€732877,95",Chunhua,1/20/2021
816,Systems Administrator III,Critical Care,"€261671,29",Jiulong,4/7/2021
817,Software Consultant,Www,"€537322,37",Banamba,6/6/2021
818,Desktop Support Technician,Capital Equipment Sales,"€366457,14",Murygino,7/4/2021
819,Chemical Engineer,XACT,"€781032,80",Mougins,4/6/2021
820,Web Developer IV,Pianist,"€746144,23",Laem Sing,1/14/2021
821,Assistant Media Planner,Litigation Support,"€482377,58",Zahlé,5/19/2021
822,Recruiting Manager,Hunting,"€471005,87",Longchiqiao,6/22/2021
823,Senior Cost Accountant,LWUIT,"€484740,96",Banī Suwayf,4/30/2021
824,Operator,Program Evaluation,"€93917,63",Boucinha,1/21/2021
825,Junior Executive,Dual Diagnosis,"€490750,80",Sieroszewice,2/19/2021
826,Statistician IV,Beauty Industry,"€785398,35",Mananjary,3/27/2021
827,Accounting Assistant II,FSC certified,"€776518,25",Shentong,6/24/2021
828,Administrative Assistant I,HP Openview,"€342139,23",Utrecht (stad),2/14/2021
829,Programmer Analyst III,CISA,"€328214,28",Sobreiro,1/26/2021
830,Human Resources Assistant I,Construction Drawings,"€476242,93",Krajan,3/28/2021
831,Research Nurse,Fractional Ownership,"€246834,48",Dongzha,2/24/2021
832,Community Outreach Specialist,Claims Handling,"€439754,66",Aquia,1/24/2021
833,Research Assistant III,Keil,"€748832,55",Menghe,3/6/2021
834,General Manager,Construction Safety,"€568803,63",Huangkeng,7/4/2021
835,Business Systems Development Analyst,Art History,"€700927,22",Esmeraldas,6/1/2021
836,Analyst Programmer,Aerospace Manufacturing,"€393984,97",Sanjian,3/14/2021
837,Health Coach I,ODE,"€120172,97",Mache,4/2/2021
838,VP Accounting,Gas,"€84304,29",Kibuku,5/5/2021
839,Human Resources Assistant IV,RF Circuits,"€486957,83",Tubod,3/5/2021
840,Web Developer II,Lunix,"€644223,73",San Antonio,6/21/2021
841,Chief Design Engineer,HCV,"€212295,55",Jianping,6/9/2021
842,Librarian,Onboarding,"€202831,00",Guabito,1/10/2021
843,Automation Specialist I,Uveitis,"€371666,97",Revelstoke,4/7/2021
844,Staff Scientist,Environmental Impact Assessment,"€570097,37",Palcza,6/5/2021
845,Desktop Support Technician,Windows XP,"€320691,57",Nakanojōmachi,6/28/2021
846,Statistician III,IT Audit,"€119285,73",Krasiczyn,6/7/2021
847,Staff Scientist,NRC,"€398461,54",Bitanjuan,2/14/2021
848,Marketing Assistant,Report Writing,"€344293,70",Remolino,5/3/2021
849,Registered Nurse,Nagios,"€794830,83",Wulan Hada,3/23/2021
850,Dental Hygienist,MX960,"€251315,94",Balatero,1/6/2021
851,Account Executive,Ownership,"€79905,34",Sakai-nakajima,1/10/2021
852,VP Accounting,CFI,"€239755,86",Tangkil,2/4/2021
853,Human Resources Assistant I,Ionic Liquids,"€744128,97",Mugango,3/22/2021
854,Database Administrator I,BJT,"€616995,15",Nayak,2/25/2021
855,Financial Analyst,Prenuptial Agreements,"€104048,06",Sobradinho,3/1/2021
856,General Manager,Zsh,"€263650,74",Baiquan,5/26/2021
857,Physical Therapy Assistant,Lync,"€550028,47",Khvatovka,3/10/2021
858,Chief Design Engineer,IVIVC,"€296240,46",Ruo,5/6/2021
859,Safety Technician I,IHT,"€70138,22",Niterói,5/20/2021
860,Account Coordinator,RFP Design,"€150306,05",Bator,1/11/2021
861,VP Quality Control,Major Gift Development,"€432915,23",Kaca,4/7/2021
862,Executive Secretary,Zeta Potential,"€459298,51",Yonghe,4/16/2021
863,General Manager,Drilling Engineering,"€325519,23",Luanda,5/13/2021
864,Speech Pathologist,RTL Coding,"€274100,33",Panique,7/5/2021
865,Financial Analyst,XPages,"€318242,84",Zbiroh,6/14/2021
866,Geological Engineer,GC-FID,"€542703,08",Lokavec,1/10/2021
867,Recruiter,National Association of Realtors,"€149284,63",Trnovlje pri Celju,2/28/2021
868,Account Representative III,JPAS,"€435712,74",Madette,1/22/2021
869,Tax Accountant,TSRM,"€466027,40",Michałów-Reginów,3/16/2021
870,Business Systems Development Analyst,PSpice,"€620258,74",Kolbuszowa,3/10/2021
871,Senior Sales Associate,Amadeus GDS,"€550034,89",Nanshe,3/30/2021
872,Health Coach I,IS-IS,"€734273,58",Río Gallegos,2/17/2021
873,Junior Executive,Circuit Design,"€432519,83",Orléans,6/17/2021
874,Clinical Specialist,RLM,"€184904,49",Sugiharjo,5/29/2021
875,Account Executive,RhinoCAM,"€619413,75",Passagem,4/8/2021
876,Software Engineer III,RPT,"€299852,91",Afikpo,6/23/2021
877,Software Test Engineer II,FFA,"€600051,44",Pilang,2/24/2021
878,Automation Specialist II,Chronic Illness,"€211630,68",Kalanchak,3/14/2021
879,Clinical Specialist,Disaster Recovery,"€468529,25",Zapolyarnyy,4/9/2021
880,Research Assistant IV,VPM,"€491194,62",Taraan,5/2/2021
881,Senior Financial Analyst,EPC,"€246207,82",Pleiku,3/23/2021
882,Recruiter,CICS,"€140391,71",Bhawāna,2/13/2021
883,Community Outreach Specialist,Logistics Management,"€665047,74",Kaum Kaler,1/24/2021
884,Technical Writer,WPF Development,"€671785,63",Крушопек,2/1/2021
885,Technical Writer,BSS,"€650824,86",Mangochi,5/19/2021
886,Statistician IV,NFS,"€99955,05",Kuniran,6/14/2021
887,Cost Accountant,High Availability Clustering,"€202127,57",Marcos,4/29/2021
888,Administrative Assistant III,VMD,"€724657,98",Xinglong,5/6/2021
889,VP Accounting,EPCM,"€409475,91",Bontang Baru,1/6/2021
890,Web Developer II,IxLoad,"€329155,82",Jinxiang,6/14/2021
891,Quality Engineer,MLA,"€331388,66",Ilha de Moçambique,4/12/2021
892,Software Test Engineer IV,Supporting Others,"€677253,46",Jönköping,2/4/2021
893,Administrative Officer,Document Imaging,"€408684,74",Palmerston North,3/27/2021
894,Environmental Specialist,JPEG2000,"€221459,39",Bāzārak,3/14/2021
895,Librarian,Customer Experience,"€552631,30",Santa Clara,4/23/2021
896,Associate Professor,VAS,"€315201,11",Al Mālikīyah,1/11/2021
897,Marketing Manager,Italian,"€669265,00",Bologoye,3/15/2021
898,Sales Representative,KOL Identification,"€426520,34",Vale de Santarém,2/3/2021
899,Clinical Specialist,HR Consulting,"€463678,47",Srebrenik,5/9/2021
900,Web Designer II,Smartboard,"€240492,70",Nauchnyy Gorodok,3/28/2021
901,Senior Editor,IVA,"€742892,43",Bjuv,5/29/2021
902,Research Associate,Eagle PCB,"€605655,58",Ovacik,3/1/2021
903,Business Systems Development Analyst,Diabetes,"€299523,06",São Leopoldo,4/22/2021
904,Senior Developer,VMware Server,"€489200,61",Ganné Tiqwa,6/4/2021
905,Actuary,MP2,"€608544,36",Loangmaka,4/5/2021
906,Administrative Officer,NSS,"€781407,43",Chengyue,3/1/2021
907,Environmental Tech,Vulcan,"€302227,64",Krasnoshchekovo,4/3/2021
908,Professor,MHE,"€157957,26",Shixi,4/9/2021
909,Marketing Manager,CTD,"€247384,33",Cojutepeque,6/18/2021
910,Librarian,Outlook Express,"€312158,99",Māmu Kānjan,4/15/2021
911,VP Sales,MPE,"€413914,67",Corticeiro de Baixo,4/11/2021
912,Analyst Programmer,Succession Planning,"€291562,25",Rosso,1/6/2021
913,Budget/Accounting Analyst II,CCENT,"€536730,48",Banjarbaru,3/11/2021
914,VP Sales,HBV,"€772216,87",Bohorodchany,6/21/2021
915,Food Chemist,VTP,"€376031,75",Bonao,6/30/2021
916,Software Consultant,Painting,"€338662,10",Quintã,3/12/2021
917,Web Designer I,LPC,"€338678,21",Ashkāsham,1/12/2021
918,Senior Editor,Qualitative Research,"€104007,34",Peski,4/19/2021
919,Help Desk Technician,SCADA,"€225746,11",Ḩurayḑah,2/22/2021
920,Electrical Engineer,gPROMS,"€781259,90",Terpinnya,6/7/2021
921,Payment Adjustment Coordinator,DVI,"€230298,72",Pantubig,3/24/2021
922,Professor,UPS Shipping,"€458500,41",Beishan,6/24/2021
923,Desktop Support Technician,Immigration Law,"€416355,22",Tomaszów Lubelski,5/21/2021
924,Safety Technician IV,GMC,"€711267,60",Bzenec,1/7/2021
925,Human Resources Manager,mTAB,"€166743,50",København,5/27/2021
926,Nurse,Food Processing,"€407579,68",Rovnoye,1/23/2021
927,Community Outreach Specialist,Pro-IV,"€738051,41",Pul-e Khumrī,5/9/2021
928,Budget/Accounting Analyst I,Knowledge Base,"€310015,02",Baopukang,3/9/2021
929,Automation Specialist III,Offshoring,"€259667,81",Whistler,1/8/2021
930,Recruiter,XMPP,"€301186,20",Putrajaya,4/10/2021
931,Accountant I,RVM,"€452559,20",Lichengdao,4/11/2021
932,Research Associate,Construction Management,"€697158,82",Veiros,1/17/2021
933,Executive Secretary,Television,"€341293,03",Tournavista,5/1/2021
934,Senior Developer,Strategic Planning,"€796499,94",Shanghu,3/5/2021
935,Programmer Analyst II,Ignite-UX,"€552756,49",Buesaco,3/24/2021
936,Business Systems Development Analyst,Ducting,"€237544,78",Yanghong,1/10/2021
937,Paralegal,Data Center,"€303335,56",Xushuguan,3/2/2021
938,Marketing Assistant,Eclipse,"€352287,00",Sungai,4/16/2021
939,Budget/Accounting Analyst I,Athletic Training,"€597502,71",Wanglinkou,3/25/2021
940,Financial Advisor,WLR3,"€515972,09",Cocobeach,6/17/2021
941,Geological Engineer,VMM,"€675492,88",Sampit,7/4/2021
942,Budget/Accounting Analyst III,WPA,"€457686,68",Jiangzhou,4/7/2021
943,Programmer Analyst III,Medical-Surgical,"€501010,56",Sidem,6/21/2021
944,Research Assistant I,RDFS,"€425689,51",Gunung Talang,5/23/2021
945,Software Test Engineer IV,Design Thinking,"€633365,83",Kao Liao,2/12/2021
946,Quality Control Specialist,Tissue Culture,"€138667,29",Kinel’-Cherkassy,3/18/2021
947,Data Coordiator,ISM,"€565547,38",Rokytne,4/2/2021
948,Sales Representative,PSD,"€727398,15",Sumurgeneng,4/9/2021
949,Media Manager III,Spot TV,"€214736,63",Payabon,4/5/2021
950,Occupational Therapist,UK Tax,"€461915,06",Abraham’s Bay,3/3/2021
951,Automation Specialist II,Aesthetic Surgery,"€76415,08",Hailin,4/17/2021
952,Quality Engineer,Oracle HR,"€99838,80",Mirões,1/23/2021
953,Paralegal,Federal Grants Management,"€393405,97",Prince Rupert,5/9/2021
954,Assistant Manager,Child Development,"€691241,04",Qingjiang,5/17/2021
955,Junior Executive,Occupational Health,"€479988,74",Bazzāryah,5/24/2021
956,Recruiting Manager,XPS,"€182376,35",São Francisco do Sul,1/12/2021
957,Research Nurse,iGaming,"€249185,72",Akure,2/13/2021
958,Research Assistant I,OLE,"€134771,06",Heliconia,1/7/2021
959,Senior Cost Accountant,Xbox 360,"€176155,77",Vohibinany,4/18/2021
960,Clinical Specialist,LTSP,"€319456,06",Taotang,5/8/2021
961,Director of Sales,SAP SD Module,"€124394,84",Trollhättan,6/16/2021
962,Analyst Programmer,Keratin Treatment,"€594607,73",Kertosari,7/6/2021
963,Senior Developer,Econometrics,"€111916,56",Wu’erqihan,7/6/2021
964,Project Manager,Job Descriptions,"€753739,93",Esquina,5/5/2021
965,Tax Accountant,Capacity Utilization,"€779394,65",Ustyuzhna,3/28/2021
966,Staff Scientist,GMF,"€505732,84",Lecheng,1/9/2021
967,Internal Auditor,HDTV,"€486357,41",Thị Trấn Trùng Khánh,4/8/2021
968,Programmer Analyst III,RDFa,"€231348,27",Kalibuntu,3/25/2021
969,Staff Accountant I,mTAB,"€651883,64",Kauhava,3/12/2021
970,Systems Administrator II,Sleep Disorders,"€115662,43",Lianglin,3/2/2021
971,Biostatistician IV,Merchandising,"€315994,47",Kalloní,3/25/2021
972,Chief Design Engineer,RC,"€512908,28",Zaslawye,5/24/2021
973,Recruiter,Knowledge Base,"€222618,37",San Vicente Pacaya,5/26/2021
974,Programmer III,Hudson,"€460700,68",San Bernardino,4/15/2021
975,Quality Control Specialist,Cement,"€457999,93",Xinfang,3/10/2021
976,Account Executive,Project Implementation,"€87932,81",Stockholm,5/15/2021
977,Human Resources Manager,CCIM,"€400373,09",Kendalrejo,2/7/2021
978,Recruiter,RRSP,"€580127,01",Pasadena,2/2/2021
979,Graphic Designer,NI Multisim,"€399247,95",Pofadder,4/2/2021
980,Senior Cost Accountant,Listings,"€258992,24",Ell,5/13/2021
981,VP Sales,Practice CS,"€780291,90",Dyurtyuli,4/14/2021
982,Statistician I,Technical Recruiting,"€675285,92",Nzega,6/15/2021
983,Internal Auditor,RPD,"€160394,26",Torbeck,2/27/2021
984,Professor,Ntop,"€379008,61",Villa Ojo de Agua,5/24/2021
985,Assistant Media Planner,VLSI,"€650590,81",San Fernando de Atabapo,3/21/2021
986,Actuary,Dunn &amp; Bradstreet,"€648255,71",Mulhouse,2/17/2021
987,Account Executive,Lymphoma,"€580875,80",Conception Bay South,1/12/2021
988,General Manager,Ableton Live,"€483794,39",Xialaba,1/15/2021
989,Geological Engineer,Enterprise Architecture,"€150224,77",Ganja,4/26/2021
990,Financial Analyst,PLC,"€206372,43",Açucena,2/21/2021
991,Research Nurse,Outdoor Advertising,"€167807,06",Gines-Patay,6/23/2021
992,Business Systems Development Analyst,Eyewear,"€343263,15",Shklo,5/23/2021
993,Sales Associate,AKTA,"€575186,13",Las Tejeras,2/1/2021
994,Systems Administrator III,Pastoral Counseling,"€778436,34",Hengjing,4/3/2021
995,Budget/Accounting Analyst II,Data Quality,"€504484,71",Barreiras,5/12/2021
996,Web Designer II,Zend Certified Engineer,"€278807,26",Medan,5/23/2021
997,Senior Sales Associate,Waste Management,"€659470,80",Nouakchott,2/20/2021
998,Human Resources Manager,HCS,"€704906,96",Guiglo,1/25/2021
999,Accounting Assistant II,Technical Recruiting,"€393082,62",Karang Kulon,6/12/2021
1000,Software Test Engineer II,HDPE,"€429569,17",Goascorán,5/20/2021
